UserName;Handle;PostDate;Tweet Text;Reply Amount;Retweets Amount;Likes Amount
Elon Musk;@elonmusk;2021-08-07T02:16:18.000Z;;20.7K;23.4K;263K
Elon Musk;@elonmusk;2021-08-14T14:58:49.000Z;Mad respect for the makers;12.6K;14.6K;203.2K
Elon Musk;@elonmusk;2021-08-13T13:37:30.000Z;Giga Berlin-Brandenburg county fair & factory tour on 9 October!;4.6K;4.4K;70.9K
Elon Musk;@elonmusk;2021-08-13T13:38:44.000Z;Priority for residents of Brandenburg & Berlin, but also open to general public;2.1K;1.6K;37.2K
Elon Musk;@elonmusk;2021-08-04T22:00:35.000Z;Moving rocket to orbital launch pad;7.1K;19.1K;192.7K
Elon Musk;@elonmusk;2021-08-04T22:01:20.000Z;Mechazilla will do this for future rockets, but it’s not quite ready yet;2.3K;2.2K;55.6K
Elon Musk;@elonmusk;2021-08-04T04:42:40.000Z;All 6 engines mounted to first orbital Starship;8.6K;15.7K;206.6K
Elon Musk;@elonmusk;2021-08-03T17:19:01.000Z;Super Heavy Booster moving to orbital launch mount;8.3K;17.2K;170.6K
Elon Musk;@elonmusk;2021-08-03T17:20:08.000Z;;3.3K;6.7K;90.1K
Elon Musk;@elonmusk;2021-08-02T15:49:20.000Z;Raptors on Super Heavy;15.5K;16.7K;210K
Elon Musk;@elonmusk;2021-08-02T01:31:00.000Z;Installing Starship booster engines for first orbital flight;11.6K;13.2K;207.9K
Elon Musk;@elonmusk;2021-08-01T00:03:14.000Z;Neuralink company bar;21.9K;6.3K;73.2K
Elon Musk;@elonmusk;2021-07-31T20:37:28.000Z;Starbase is moving at Warp 9;8.1K;7.9K;128K
Elon Musk;@elonmusk;2021-07-31T09:01:24.000Z;;17.8K;16.7K;264.2K
Elon Musk;@elonmusk;2021-07-27T01:02:58.000Z;Population collapse is potentially the greatest risk to the future of civilizationU.S. Population Growth, an Economic Driver, Grinds to a Halt;;;
Because the birthrate already was moving down; the push from the pandemic could result in what amounts to a scar on population growth; possibly deeper than those left by historic periods of economic...;;;;
"wsj.com""";18.8K;9.8K;71.1K;;;
Elon Musk;@elonmusk;2021-07-26T06:22:26.000Z;;11.3K;10.9K;164.6K
Elon Musk;@elonmusk;2021-07-26T06:21:22.000Z;The Biggest Bang Theory;15.1K;13.3K;209.6K
Elon Musk;@elonmusk;2021-07-25T04:23:15.000Z;And finally;26.1K;35.7K;269.9K
Elon Musk;@elonmusk;2021-07-25T04:02:36.000Z;;6.9K;19.1K;202.2K
Elon Musk;@elonmusk;2021-07-25T04:02:23.000Z;;6.8K;33.9K;351.1K
Elon Musk;@elonmusk;2021-07-25T04:02:11.000Z;;7.3K;23.1K;290.9K
Elon Musk;@elonmusk;2021-07-24T11:17:54.000Z;;17.6K;60.9K;530K
Elon Musk;@elonmusk;2021-07-24T10:33:30.000Z;Being thanked by game NPCs brought me real joy tbhBecause that’s what heroes do;;;
"reddit.com""";6.1K;2.6K;38.7K;;;
Elon Musk;@elonmusk;2021-07-13T03:05:20.000Z;those who attack space;;;
maybe don’t realize that;;;;;;
space represents hope;;;;;;
"for so many people""";33.2K;39K;270.1K;;;
Elon Musk;@elonmusk;2021-07-13T02:37:57.000Z;Loki is pretty good. Basically, live-action ;;;
@RickandMorty;;;;;;
" with a long romance ark.""";7.7K;12.7K;145.9K;;;
Elon Musk;@elonmusk;2021-07-13T02:30:16.000Z;;10.5K;25.5K;320.8K
Elon Musk;@elonmusk;2021-07-10T05:47:13.000Z;Fellowship of the Raptors;14.9K;10.6K;142.5K
Elon Musk;@elonmusk;2021-07-10T03:11:05.000Z;Dragon returning from orbitSpaceX;;;
@SpaceX;;;;;;
 · Jul 10;;;;;;
Dragon’s trunk has separated; de-orbit burn is complete;" and nosecone is closed. Splashdown in ~30 minutes""";5.4K;2.9K;39.6K;
Elon Musk;@elonmusk;2021-07-09T21:50:01.000Z;Solar + Powerwall battery ensures that your home never loses power;10.3K;10.4K;149.3K
Elon Musk;@elonmusk;2021-07-09T20:50:33.000Z;Tesla Solar Roof + Powerwall in major new housing development in AustinTesla Energy, Brookfield and Dacra Announce the Development of Large-Scale Sustainable Neighborhood...;;;
"bam.brookfield.com""";3.5K;2.8K;28.5K;;;
Elon Musk;@elonmusk;2021-07-09T20:39:21.000Z;Autonomous SpaceX droneship,;;;
"A Shortfall of Gravitas""";6.4K;16.3K;146.3K;;;
Elon Musk;@elonmusk;2021-07-08T23:08:51.000Z;Gas lit by gas light ;6.5K;4.5K;74.1K
Elon Musk;@elonmusk;2021-07-08T23:47:20.000Z;Maybe that movie gaslit us all;2.3K;1.3K;32.6K
Elon Musk;@elonmusk;2021-07-08T23:33:59.000Z;Listening to History of English podcast;4.6K;2.9K;79.4K
Elon Musk;@elonmusk;2021-07-08T23:12:33.000Z;Tropic Thunder is so good;11.1K;13.6K;212.8K
Elon Musk;@elonmusk;2021-07-08T05:54:37.000Z;Also, the British legal system in 2021;6.7K;8.9K;124.5K
Elon Musk;@elonmusk;2021-07-08T05:51:19.000Z;I love this Crypt0Men العملات الرقمية #بيتكوين;;;
@Crypt0men;;;;;;
 · Jul 5;;;;;;
Replying to @elonmusk;;;;;;
"pump btc elon""";8K;9.9K;126K;;;
Elon Musk;@elonmusk;2021-07-06T22:09:32.000Z;;17.5K;37.7K;319.6K
Elon Musk;@elonmusk;2021-07-05T07:12:04.000Z;Free Britney;17.8K;58.4K;460K
Elon Musk;@elonmusk;2021-07-04T17:59:19.000Z;Bless America;11.7K;13.9K;243.5K
Elon Musk;@elonmusk;2021-07-04T18:06:48.000Z;Happy 4th to all!;3.6K;3.5K;88.9K
Elon Musk;@elonmusk;2021-07-03T21:23:23.000Z;New SpaceX Starlink cover shows transfer orbit from Earth to Mars;6.7K;6.8K;98.9K
Elon Musk;@elonmusk;2021-07-02T13:20:14.000Z;;17.1K;22.8K;208.5K
Elon Musk;@elonmusk;2021-07-02T13:09:28.000Z;Congrats Tesla Team on over 200,000 car built & delivered in Q2, despite many challenges!!;8K;11K;175.5K
Elon Musk;@elonmusk;2021-07-02T09:03:21.000Z;;8K;16.3K;242.3K
Elon Musk;@elonmusk;2021-07-01T18:44:25.000Z;Super Heavy on road & 7th Tower segment added;5.7K;9.4K;121.1K
Elon Musk;@elonmusk;2021-07-01T09:57:18.000Z;Super Heavy moves tomorrow;6.3K;10.5K;152.6K
Elon Musk;@elonmusk;2021-07-01T09:24:21.000Z;Baby Doge, doo, doo, doo, doo, doo,;;;
Baby Doge; doo; doo; doo; doo; doo;
Baby Doge; doo; doo; doo; doo; doo;
"Baby Doge""";43.5K;56.1K;279.4K;;;
Elon Musk;@elonmusk;2021-07-01T08:43:41.000Z;Release the Doge!;11.5K;18.2K;131.7K
Elon Musk;@elonmusk;2021-07-01T08:42:11.000Z;Stop gendering memes … I mean mimes;6.1K;6.9K;127.2K
Elon Musk;@elonmusk;2021-06-30T20:11:10.000Z;Rapidly Reusable Rockets, R R R ;9.2K;8.9K;134.6K
Elon Musk;@elonmusk;2021-06-28T20:25:03.000Z;Thanks for all the happy birthday wishes!;36.3K;18.8K;376K
Elon Musk;@elonmusk;2021-06-27T14:11:23.000Z;;14.3K;26.9K;316.3K
Elon Musk;@elonmusk;2021-06-25T22:51:28.000Z;Starlink simultaneously active users just exceeded the strategically important threshold of 69,420 last night!;11.1K;13.9K;169.6K
Elon Musk;@elonmusk;2021-06-25T22:58:58.000Z;All 72 orbital planes activate in August, plus many other improvements, enabling global coverage, except for polar regions, which will take another 6 months;3.2K;3.5K;62.2K
Elon Musk;@elonmusk;2021-06-25T11:03:04.000Z;My Shiba Inu will be named Floki;39.1K;45.2K;303.3K
Elon Musk;@elonmusk;2021-06-25T10:42:24.000Z;Timing is everything;8.3K;18.7K;211.9K
Elon Musk;@elonmusk;2021-06-25T02:10:31.000Z;How many Bitcoin maxis does it take to screw in a lightbulb?;17.9K;10.4K;101.3K
Elon Musk;@elonmusk;2021-06-25T02:11:52.000Z;“That’s not funny!” – Bitcoin maxis;3.6K;3.3K;60.9K
Elon Musk;@elonmusk;2021-06-24T01:10:10.000Z;Shout out to the awesome Tesla global team. Thanks for working so hard to make Tesla successful!;9.2K;8.3K;153.7K
Elon Musk;@elonmusk;2021-06-21T18:59:34.000Z;Looking at holding Tesla AI Day in about a month or so. Will go over progress with Tesla AI software & hardware, both training & inference. Purpose is recruiting.;10.2K;8.2K;117.9K
Elon Musk;@elonmusk;2021-06-16T22:37:20.000Z;Let’s just skip original video games & movies & go straight to the sequel;14.8K;10.2K;146.1K
Elon Musk;@elonmusk;2021-06-15T08:06:24.000Z;From the top of Starbase high bay;10.3K;9.8K;133.4K
Elon Musk;@elonmusk;2021-06-15T07:47:35.000Z;Stacking Super Heavy Aft Section;6.1K;9.8K;156.2K
Elon Musk;@elonmusk;2021-06-14T08:21:46.000Z;Could turn out to be one big Philip K Dick joke in the end;8.3K;3.9K;71.5K
Elon Musk;@elonmusk;2021-06-14T08:22:48.000Z;K is Kindred;12.8K;2.2K;42.4K
Elon Musk;@elonmusk;2021-06-14T08:13:50.000Z;Pluto takes 248 years to orbit the sun, but Uranus only takes 84;16.3K;16.4K;248K
Elon Musk;@elonmusk;2021-06-14T05:04:50.000Z;!!;15.7K;41.1K;383.3K
Elon Musk;@elonmusk;2021-06-14T04:02:55.000Z;This is true;4.8K;5.3K;88.3K
Elon Musk;@elonmusk;2021-06-14T04:01:27.000Z;Our Soul Dichotomy;4.2K;7.2K;89.3K
Elon Musk;@elonmusk;2021-06-13T06:20:10.000Z;Esoteric meme of the day;14.4K;15.4K;172.8K
Elon Musk;@elonmusk;2021-06-11T06:40:03.000Z;Plaid release eventModel S Plaid Delivery Event;;;
The only thing beyond Ludicrous is PlaidLearn more – https://www.tesla.com/models;;;;;;
"youtube.com""";7.6K;5.1K;54.5K;;;
Elon Musk;@elonmusk;2021-06-11T04:45:32.000Z;Order Tesla Model S Plaid atDesign Your Model S | Tesla;;;
Design and order your Tesla Model S; the safest; quickest electric car on the road. Learn about lease and loan options; warranties; EV incentives and more.;;
"tesla.com""";10.1K;7.1K;92.6K;;;
Elon Musk;@elonmusk;2021-06-06T20:46:19.000Z;Plaid+ is canceled. No need, as Plaid is just so good.;4.1K;3.7K;77.6K
Elon Musk;@elonmusk;2021-06-06T20:48:20.000Z;0 to 60mph in under 2 secs. Quickest production car ever made of any kind. Has to be felt to be believed.;6.1K;6.6K;115.6K
Elon Musk;@elonmusk;2021-06-06T11:07:47.000Z;;12.8K;21.7K;310.3K
Elon Musk;@elonmusk;2021-06-06T10:58:55.000Z;;12.1K;22.3K;269.7K
Elon Musk;@elonmusk;2021-06-06T08:36:37.000Z;I guess we read the instructions hahaSpaceX;;;
@SpaceX;;;;;;
 · Jun 6;;;;;;
"Falcon 9’s first stage booster has landed on the Just Read the Instructions droneship""";5.9K;4.8K;80.2K;;;
Elon Musk;@elonmusk;2021-06-05T21:18:43.000Z;Don’t kill what you hate,;;;
"Save what you love""";43.8K;70.9K;476.5K;;;
Elon Musk;@elonmusk;2021-06-05T18:55:49.000Z;Goods & services are the real economy, any form of money is simply the accounting thereof;22.7K;23K;212K
Elon Musk;@elonmusk;2021-06-05T08:39:49.000Z; –> ;59.1K;36.8K;309.2K
Elon Musk;@elonmusk;2021-06-04T03:25:26.000Z;Canada;;;
USA;;;;;;
"Mexico""";38.4K;33.8K;304.2K;;;
Elon Musk;@elonmusk;2021-06-04T01:07:04.000Z;#Bitcoin ;58.2K;32.2K;216.7K
Elon Musk;@elonmusk;2021-06-04T02:49:24.000Z;;16.8K;23.9K;179.9K
Elon Musk;@elonmusk;2021-05-26T18:47:30.000Z;Deep thots;14.3K;31.7K;301.3K
Elon Musk;@elonmusk;2021-05-26T18:49:21.000Z;If only they had spaceships, they’d still be around;6.5K;6K;140.1K
Elon Musk;@elonmusk;2021-05-24T19:49:56.000Z;If you’d like to help develop Doge, please submit ideas on GitHub & http://reddit.com/r/dogecoin/ ;;;
@dogecoin_devsDogecoin • r/dogecoin;;;;;;
The most amazing place on reddit! A subreddit for sharing; discussing; hoarding and wow'ing about Dogecoins. The much wow innovative...;;;;
"reddit.com""";22.3K;36.2K;193.4K;;;
Elon Musk;@elonmusk;2021-05-24T20:29:33.000Z;Someone suggested changing Dogecoin fees based on phases of the moon, which is pretty awesome haha;8.3K;13.3K;131.7K
Elon Musk;@elonmusk;2021-05-24T19:42:36.000Z;Spoke with North American Bitcoin miners. They committed to publish current & planned renewable usage & to ask miners WW to do so. Potentially promising.;27K;49.6K;328.5K
Elon Musk;@elonmusk;2021-05-22T22:22:56.000Z;;33.8K;49.3K;429.2K
Elon Musk;@elonmusk;2021-05-22T09:22:41.000Z;Any sufficiently advanced magic is indistinguishable from technology;26.5K;27K;291.1K
Elon Musk;@elonmusk;2021-05-20T10:41:00.000Z;How much is that Doge in the window?;73K;62.5K;310.3K
Elon Musk;@elonmusk;2021-05-20T07:54:54.000Z;Tesla Model S Plaid delivery event;;;
June 3 at our California factory;;;;;;
;;;;;;
Fastest production car ever;;;;;;
"0 to 60mph in under 2 secs""";18.4K;16.3K;199.6K;;;
Elon Musk;@elonmusk;2021-05-19T14:42:44.000Z;Tesla has  ;71.4K;76K;464.4K
Elon Musk;@elonmusk;2021-05-19T15:41:10.000Z;Credit to our Master of Coin;15.8K;15.1K;175K
Elon Musk;@elonmusk;2021-05-18T11:46:18.000Z;Giga Berlin suppliers please accelerate!;18.7K;10.6K;160.9K
Elon Musk;@elonmusk;2021-05-18T13:43:19.000Z;Aiming for extreme precision with next gen Model Y – microns, not millimeters;6.4K;4.9K;95.5K
Elon Musk;@elonmusk;2021-05-18T09:25:14.000Z;;18.5K;20.4K;282.2K
Elon Musk;@elonmusk;2021-05-13T23:30:52.000Z;As always;37.6K;53K;368.1K
Elon Musk;@elonmusk;2021-05-13T22:45:16.000Z;Working with Doge devs to improve system transaction efficiency. Potentially promising.;66.1K;106.6K;547.5K
Elon Musk;@elonmusk;2021-05-13T21:11:46.000Z;To be clear, I strongly believe in crypto, but it can’t drive a massive increase in fossil fuel use, especially coal;58.8K;43.2K;370.7K
Elon Musk;@elonmusk;2021-05-13T20:59:45.000Z;It is high time there was a carbon tax!;34.4K;24.6K;248K
Elon Musk;@elonmusk;2021-05-12T22:06:14.000Z;Tesla & Bitcoin;125.1K;126.9K;503.9K
Elon Musk;@elonmusk;2021-05-13T09:54:35.000Z;Energy usage trend over past few months is insane https://cbeci.org;24.1K;12.6K;90K
Elon Musk;@elonmusk;2021-05-11T08:13:35.000Z;Do you want Tesla to accept Doge?Yes;;;
78.2%;;;;;;
No;;;;;;
21.8%;;;;;;
3;922;516 votes;;;;
·;;;;;;
"Final results""";98.6K;113.8K;399K;;;
Elon Musk;@elonmusk;2021-05-11T07:04:25.000Z;SNL MonologueElon Musk Monologue - SNL;;;
First-time host Elon Musk talks about why he loves Saturday Night Live and shares what he was like as a kid.Saturday Night Live. Stream now on Peacock: https...;;;;;;
"youtube.com""";7.3K;7.6K;86.9K;;;
Elon Musk;@elonmusk;2021-05-10T23:32:58.000Z;Thanks again to ;;;
@nbcsnl;;;;;;
 cast;" writers & crew! Honor & pleasure to do the show with you.""";11.6K;9.6K;208.1K;;
Elon Musk;@elonmusk;2021-05-09T22:41:43.000Z;SpaceX launching satellite Doge-1 to the moon next year;;;
;;;;;;
– Mission paid for in Doge;;;;;;
– 1st crypto in space;;;;;;
– 1st meme in space;;;;;;
;;;;;;
To the mooooonnn!!Dogecoin Song - To the Moon [Official];;;;;;
#Dogecoin #tothemoon #dogeListen on Spotify: https://spoti.fi/3qytvKi Apple Music: https://apple.co/3aszJGfLet's bring Dogecoin to the moon! Crypto is fun. B...;;;;;;
"youtube.com""";35.8K;131.7K;539K;;;
Elon Musk;@elonmusk;2021-05-09T13:21:16.000Z;Wario was my fav haha Wario - SNL;;;
A lawyer (Mikey Day) attempts to prove Wario (Elon Musk) is not responsible for Mario’s murder.Saturday Night Live. Stream now on Peacock: https://pck.tv/3uQ...;;;;;;
"youtube.com""";19.9K;10.7K;136.9K;;;
Elon Musk;@elonmusk;2021-05-08T20:39:52.000Z;Special link to view SNL outside USA;;;
"https://m.youtube.com/watch?v=VJX9ymv_vUQ&feature=youtu.be…""";20.6K;29.2K;173.5K;;;
Elon Musk;@elonmusk;2021-05-08T09:03:01.000Z;First time a Falcon rocket booster will reach double digits in flightsSpaceX;;;
@SpaceX;;;;;;
 · May 8;;;;;;
Targeting Sunday; May 9 at 2:42 a.m. EDT for launch of 60 Starlink satellites from Space Launch Complex 40 in Florida → http://spacex.com/launches;;;;;
"Show this thread""";6.4K;6.8K;96.1K;;;
Elon Musk;@elonmusk;2021-05-08T01:22:52.000Z;Cybertruck prototype in New York this weekend;12.1K;17.4K;270.9K
Elon Musk;@elonmusk;2021-05-07T21:05:35.000Z;Guest starring …;37.9K;123.9K;764.4K
Elon Musk;@elonmusk;2021-05-07T04:24:20.000Z;Cryptocurrency is promising, but please invest with caution!Elon Musk Says Dogecoin Could Be the Future of Cryptocurrency | TMZ;;;
Elon Musk is giving Dogecoin major street cred in the tech/finance world -- but says while it's got potential to be the king of crypto ... ya might not wanna...;;;;;;
"youtube.com""";18.6K;42.9K;223.9K;;;
Elon Musk;@elonmusk;2021-05-06T19:26:59.000Z;Make humanity a multiplanet species!;68.7K;69.9K;622.5K
Elon Musk;@elonmusk;2021-05-06T19:26:09.000Z;Public support for life on Mars is critical to making it happen;14.5K;20.4K;239.2K
Elon Musk;@elonmusk;2021-05-05T22:37:20.000Z;Starship landing nominal!;21.3K;35.2K;332.1K
Elon Musk;@elonmusk;2021-05-05T22:22:39.000Z;About to launchSpaceX;;;
@SpaceX;;;;;;
 · May 6;;;;;;
"Live feed of Starship SN15 flight test → http://spacex.com/vehicles/starship… https://twitter.com/i/broadcasts/1DXGyRNbavvJM…""";7.2K;10K;106.4K;;;
Elon Musk;@elonmusk;2021-05-02T03:13:36.000Z;I love Art Deco;28K;16.7K;315K
Elon Musk;@elonmusk;2021-04-28T08:43:37.000Z;https://open.spotify.com/playlist/2lhkwi9SRBmGTEdX0KXjZb?si=crg291WbT2aMBwpDzgp8hA…;10.5K;4.8K;54.8K
Elon Musk;@elonmusk;2021-04-28T06:20:47.000Z;The Dogefather;;;
"SNL May 8""";37.6K;88.4K;458.5K;;;
Elon Musk;@elonmusk;2021-04-27T00:15:00.000Z;Starship SN15 static fire completed, preparing for flight later this week;13.4K;10.3K;168.7K
Elon Musk;@elonmusk;2021-04-25T03:20:46.000Z;Let’s find out just how live Saturday Night Live really is ;14.2K;14.4K;218.5K
Elon Musk;@elonmusk;2021-04-25T03:09:25.000Z;Am hosting SNL on May 8;14.3K;22.9K;327.9K
Elon Musk;@elonmusk;2021-04-24T09:03:34.000Z;;6.6K;21.6K;243.4K
Elon Musk;@elonmusk;2021-04-24T08:55:19.000Z;define … beauty;57K;61K;274.2K
Elon Musk;@elonmusk;2021-04-24T08:54:25.000Z;What does the future hodl?;51.8K;35K;351.6K
Elon Musk;@elonmusk;2021-04-23T09:47:18.000Z;2 mins to launchSpaceX;;;
@SpaceX;;;;;;
 · Apr 23;;;;;;
"Watch Falcon 9 launch Dragon with four astronauts on board to the @space_station → http://spacex.com/launches  https://twitter.com/i/broadcasts/1BdGYYOlPVAGX…""";5.9K;7.1K;87.7K;;;
Elon Musk;@elonmusk;2021-04-23T08:13:41.000Z;Astronauts preparing to launch to ;;;
@Space_StationNASA;;;;;;
@NASA;;;;;;
 · Apr 23;;;;;;
A look inside the SpaceX Crew Dragon Endeavour spacecraft during commmunications checks. L-R: @Thom_Astro; @Astro_Megan; @Astro_Kimbrough;" & @Aki_Hoshide:""";4.2K;7.1K;81.3K
Elon Musk;@elonmusk;2021-04-17T22:32:03.000Z;Tesla with Autopilot engaged now approaching 10 times lower chance of accident than average vehicleTesla Owners Online;;;
@Model3Owners;;;;;;
 · Apr 18;;;;;;
Tesla releases Q1 2021 safety report ;;;;;;
;;;;;;
"https://tesla.com/en_CA/VehicleSafetyReport…""";11.3K;19.5K;160.2K;;;
Elon Musk;@elonmusk;2021-04-17T05:46:56.000Z;Dragon spacecraft & Falcon 9 rocket;9.6K;16.4K;219.8K
Elon Musk;@elonmusk;2021-04-17T04:46:34.000Z;If we make life multiplanetary, there may come a day when some plants & animals die out on Earth, but are still alive on Mars;15K;22.3K;231K
Elon Musk;@elonmusk;2021-04-17T01:37:48.000Z;Everything to the moon!;32.3K;71.3K;553.4K
Elon Musk;@elonmusk;2021-04-16T21:55:05.000Z; NASA Rules!! SpaceX;;;
@SpaceX;;;;;;
 · Apr 16;;;;;;
"NASA has selected Starship to land the first astronauts on the lunar surface since the Apollo program! We are humbled to help @NASAArtemis usher in a new era of human space exploration → http://go.nasa.gov/3tur510""";7K;17.8K;183K;;;
Elon Musk;@elonmusk;2021-04-16T22:16:48.000Z;We are honored to be part of the ;;;
@NASAArtemis;;;;;;
" team""";2.3K;3.4K;73.8K;;;
Elon Musk;@elonmusk;2020-07-18T00:58:55.000Z;It’s inevitable;17.9K;86.6K;614.8K
Elon Musk;@elonmusk;2021-04-16T17:01:25.000Z;;13.7K;28.5K;256.4K
Elon Musk;@elonmusk;2021-04-16T02:13:57.000Z; Austin Rocks!!  ;9.9K;10.7K;162.1K
Elon Musk;@elonmusk;2021-04-16T00:50:37.000Z;Make life multiplanetary! #Mars;14.5K;31.7K;320.2K
Elon Musk;@elonmusk;2021-04-15T04:33:18.000Z;Doge Barking at the Moon;22.4K;54.6K;332.3K
Elon Musk;@elonmusk;2021-04-10T07:29:01.000Z;Kong vs Godzilla has record for most meth ever consumed in a writer’s room;4.2K;15.4K;178.7K
Elon Musk;@elonmusk;2021-04-10T07:29:45.000Z;But wait how is the core of the earth lit by the sun? Stop asking questions!!;2.3K;2.8K;70.8K
Elon Musk;@elonmusk;2021-04-10T07:15:47.000Z;… going to moon very soon;30.9K;53.5K;540K
Elon Musk;@elonmusk;2021-04-10T06:41:45.000Z;Where is Shrek 5!?;4.7K;26.7K;274.4K
Elon Musk;@elonmusk;2021-04-09T22:24:01.000Z;It’s all about the cufflinks;5.3K;27.3K;342.8K
Elon Musk;@elonmusk;2021-04-09T11:21:13.000Z;Just read it. Book is accurate.Eric Berger;;;
@SciGuySpace;;;;;;
 · Sep 28;2020;;;;;
The remarkable story of how @elonmusk and his small team reached orbit in 2008 has gone largely untold—until now. I’m thrilled to say my book on the origins of SpaceX; Liftoff; will be published by William Morrow on March 2; 2021. Preorder now: http://bit.ly/LiftoffbyEricBerger…;;;
"Show this thread""";2K;3.9K;58.2K;;;
Elon Musk;@elonmusk;2021-04-09T11:24:30.000Z;Thanks to all that helped SpaceX!;1.1K;1K;37.3K
Elon Musk;@elonmusk;2021-04-09T07:32:42.000Z;;6.4K;37.2K;350.3K
Elon Musk;@elonmusk;2021-04-09T04:11:42.000Z;Soon our monkey will be on twitch & discord haha;7.1K;12.6K;226.4K
Elon Musk;@elonmusk;2021-04-09T00:16:21.000Z;Monkey plays Pong with his mindNeuralink;;;
@neuralink;;;;;;
 · Apr 9;;;;;;
Monkey MindPong https://youtu.be/rsCul1sp4hQ;;;;;;
"Show this thread""";4.5K;17.6K;133.6K;;;
Elon Musk;@elonmusk;2021-04-09T01:48:09.000Z;A monkey is literally playing a video game telepathically using a brain chip!!;2.9K;5.9K;81.4K
Elon Musk;@elonmusk;2021-04-09T00:24:31.000Z;First ;;;
@Neuralink;;;;;;
" product will enable someone with paralysis to use a smartphone with their mind faster than someone using thumbs""";6K;23.2K;174.9K;;;
Elon Musk;@elonmusk;2021-04-09T00:29:40.000Z;Later versions will be able to shunt signals from Neuralinks in brain to Neuralinks in body motor/sensory neuron clusters, thus enabling, for example, paraplegics to walk again;2K;6.7K;81.8K
Elon Musk;@elonmusk;2021-04-09T01:41:23.000Z;The device is implanted flush with skull & charges wirelessly, so you look & feel totally normal;1.8K;3K;55.2K
Elon Musk;@elonmusk;2021-04-08T09:41:16.000Z;Thanks Tesla suppliers for providing us with critical parts!;5.1K;6.5K;186.5K
Elon Musk;@elonmusk;2021-04-05T10:28:42.000Z;Godzilla vs Kong is so amaze much wow!;;;
Most insane movie I’ve ever seen!;;;;;;
Love letter to conspiracy theorists!;;;;;;
"And yet heartwarming in the end.""";7.4K;15.6K;214.7K;;;
Elon Musk;@elonmusk;2021-04-04T06:25:28.000Z;Austin++;7.2K;6.9K;139.5K
Elon Musk;@elonmusk;2021-04-04T10:53:26.000Z;Urgent need to build more housing in greater Austin area!;4.2K;3K;64K
Elon Musk;@elonmusk;2021-04-04T01:03:00.000Z;No it doesn’t hurt at all ;7K;41.9K;437K
Elon Musk;@elonmusk;2021-04-03T04:31:41.000Z;Me in my sick new car;;;
"(left him the money)""";57.2K;13.1K;251.6K;;;
Elon Musk;@elonmusk;2021-04-01T10:25:23.000Z;SpaceX is going to put a literal Dogecoin on the literal moon;25.4K;60.4K;539.9K
Elon Musk;@elonmusk;2021-04-01T10:23:49.000Z;Nicheman — his superpower is appealing to small audiences;2.7K;4.3K;85.9K
Elon Musk;@elonmusk;2021-03-31T19:23:17.000Z;Over 10,000 people are needed for Giga Texas just through 2022!;;;
- 5 mins from airport;;;;;;
-15 mins from downtown;;;;;;
#NAZWA?;;;;;;
@AustinTeslaClub;;;;;;
 · Mar 31;;;;;;
High School Grads: You do not have to have a college degree to work for Tesla. You can work for Tesla straight out of high school. Chris Reilly of recruiting explains:;;;;;;
"https://tesla.com/careers/search/?country=US&location=Austin&state=TX…""";7.9K;13.2K;102.6K;;;
Elon Musk;@elonmusk;2021-03-30T14:17:29.000Z;Please consider moving to Starbase or greater Brownsville/South Padre area in Texas & encourage friends to do so! ;;;
;;;;;;
SpaceX’s hiring needs for engineers; technicians;" builders & essential support personnel of all kinds are growing rapidly.""";14.8K;21.5K;175K;
Elon Musk;@elonmusk;2021-03-30T14:44:51.000Z;Starbase will grow by several thousand people over the next year or two;2.9K;3.5K;73.7K
Elon Musk;@elonmusk;2021-03-30T14:29:47.000Z;Probably most “in space” you could possibly feel by being in a glass domeSpaceX;;;
@SpaceX;;;;;;
 · Mar 30;;;;;;
"A new view for crew""";3K;5.6K;79.3K;;;
Elon Musk;@elonmusk;2021-03-30T14:27:29.000Z;Am donating $20M to Cameron County schools & $10M to City of Brownsville for downtown revitalization. Details to follow next week.;12.1K;28.4K;348.1K
Elon Musk;@elonmusk;2021-03-28T18:12:55.000Z;Possible Starship flight tomorrow afternoon;10.9K;19.3K;334.2K
Elon Musk;@elonmusk;2021-03-29T15:33:52.000Z;FAA inspector unable to reach Starbase in time for launch today. Postponed to no earlier than tomorrow.;3.3K;3.8K;73.8K
Elon Musk;@elonmusk;2021-03-28T11:10:25.000Z;Wholesome memes;5.5K;37.3K;462K
Elon Musk;@elonmusk;2021-03-25T10:35:03.000Z;If there’s ever a scandal about me, *please* call it Elongate;21K;63.8K;761.5K
Elon Musk;@elonmusk;2021-03-25T10:25:26.000Z;Don’t defy DeFi;11K;19.4K;174.1K
Elon Musk;@elonmusk;2021-03-25T07:48:53.000Z;Mars rover looking back;7.1K;17.9K;272.2K
Elon Musk;@elonmusk;2021-03-24T07:02:40.000Z;You can now buy a Tesla with Bitcoin;35.8K;135.6K;887.1K
Elon Musk;@elonmusk;2021-03-24T07:10:43.000Z;Pay by Bitcoin capability available outside US later this year;3.1K;9.6K;140K
Elon Musk;@elonmusk;2021-03-24T07:09:34.000Z;Replying to ;;;
@elonmuskTesla is using only internal & open source software & operates Bitcoin nodes directly.;;;;;;
;;;;;;
Bitcoin paid to Tesla will be retained as Bitcoin;" not converted to fiat currency.""";4.6K;23.4K;177.5K;;
Elon Musk;@elonmusk;2021-03-23T01:14:58.000Z;Strongest argument against aliens;13.1K;46.7K;454.6K
Elon Musk;@elonmusk;2021-03-20T09:21:38.000Z;Music in zero gravity;11K;28.7K;386.3K
Elon Musk;@elonmusk;2021-03-19T02:40:07.000Z;;8.5K;24.7K;338.2K
Elon Musk;@elonmusk;2021-03-18T23:15:42.000Z;First Super Heavy Booster;6.7K;15.5K;223.4K
Elon Musk;@elonmusk;2021-03-18T06:38:56.000Z;Aspirationally acerbic alliteration ;;;
"-> Bullshit baffles brains""";4.6K;5.2K;91.1K;;;
Elon Musk;@elonmusk;2021-03-17T01:20:54.000Z;SN11 almost ready to flySpaceX;;;
@SpaceX;;;;;;
 · Mar 17;;;;;;
"Video recap of last week's Starship SN10 flight test https://youtube.com/watch?v=gA6ppby3JC8…""";4.6K;4.8K;65.1K;;;
Elon Musk;@elonmusk;2021-03-15T19:52:47.000Z;I’m selling this song about NFTs as an NFT;22.1K;37.5K;243.5K
Elon Musk;@elonmusk;2021-03-13T23:51:05.000Z;Why are you so dogematic, they ask;9.3K;20.6K;243.1K
Elon Musk;@elonmusk;2021-03-13T23:40:41.000Z;Doge day afternoon;7.2K;20.2K;173.7K
Elon Musk;@elonmusk;2021-03-13T23:46:16.000Z;Origin of Doge Day Afternoon:;;;
The ancient Romans sacrificed a Dogecoin at the beginning of the Doge Days to appease the rage of Sirius; believing that the star was the cause of the hot;" sultry weather.""";2.4K;8.2K;75.9K;
Elon Musk;@elonmusk;2021-03-13T23:32:59.000Z;Woketopia. Battle for the Moral High Ground in this new game!;3.7K;12.4K;109.4K
Elon Musk;@elonmusk;2021-03-13T07:20:23.000Z; This Magic Moment ;9K;13.9K;229.7K
Elon Musk;@elonmusk;2021-03-06T22:35:23.000Z;Due to high levels of demand for FSD Beta, adding “Download Beta” button to Service section of car display in ~10 daysElon Musk;;;
@elonmusk;;;;;;
 · Mar 6;;;;;;
If you want the Tesla Full Self-Driving Beta downloaded to your car; let us know. Doubling beta program size now with 8.2 & probably 10X size with 8.3. Still be careful;" but it’s getting mature.""";4.5K;4.5K;61.4K;
Elon Musk;@elonmusk;2021-03-06T22:47:09.000Z;Availability varies by region due to regulatory approval delays and/or Tesla internal development & testing. ;;;
;;;;;;
"Note: word “Beta” is used to reduce complacency in usage & set expectations appropriately. All software is first tested internally by Tesla simulation & QA drive teams.""";1.3K;1.3K;31.7K;;;
Elon Musk;@elonmusk;2021-03-12T23:51:00.000Z;FSD Beta has now been expanded to ~2000 owners & we’ve also revoked beta where drivers did not pay sufficient attention to the road. No accidents to date.;;;
;;;;;;
"Next significant release will be in April. Going with pure vision — not even using radar. This is the way to real-world AI.""";1.4K;1.8K;23.3K;;;
Elon Musk;@elonmusk;2021-03-12T18:58:22.000Z;BTC (Bitcoin) is an anagram of;;;
TBC(The Boring Company);;;;;;
"What a coincidence!""";11.7K;19.5K;241.4K;;;
Elon Musk;@elonmusk;2021-03-12T19:00:34.000Z;Both do mining & use blocks & chains;2.9K;4.4K;101.9K
Elon Musk;@elonmusk;2021-03-08T13:24:16.000Z;Starbase, Texas;11.9K;18K;452K
Elon Musk;@elonmusk;2021-03-08T10:14:43.000Z;Carnot efficiency of the Universe?;7K;5.5K;124.1K
Elon Musk;@elonmusk;2021-03-07T22:43:39.000Z;Great band, too bad they broke up;10.7K;38.4K;396.2K
Elon Musk;@elonmusk;2021-03-04T00:35:12.000Z;Starship SN10 landed in one piece!SpaceX;;;
@SpaceX;;;;;;
 · Mar 4;;;;;;
"Live feed of Starship SN10 flight test → http://spacex.com/vehicles/starship… https://twitter.com/i/broadcasts/1ZkKzeyrPbaxv…""";9.1K;19.9K;170.2K;;;
Elon Musk;@elonmusk;2021-03-03T20:10:07.000Z;5 mins to Starship test flight attempt;8.5K;10.3K;195.2K
Elon Musk;@elonmusk;2021-03-03T20:39:42.000Z;Launch abort on slightly conservative high thrust limit. Increasing thrust limit & recycling propellant for another flight attempt today.;2.6K;4.2K;94.5K
Elon Musk;@elonmusk;2021-03-03T11:30:39.000Z;Starship launch tomorrow. Window opens at 9am.;6.8K;15.6K;240.3K
Elon Musk;@elonmusk;2021-03-03T11:59:08.000Z;March 3rd;2.3K;2.9K;87.6K
Elon Musk;@elonmusk;2021-03-02T20:31:38.000Z;Creating the city of Starbase, Texas;8.4K;15.9K;216.9K
Elon Musk;@elonmusk;2021-03-02T21:19:32.000Z;From thence to Mars,;;;
"And hence the Stars.""";2.3K;4.5K;92.1K;;;
Elon Musk;@elonmusk;2021-03-02T18:41:18.000Z;Horses are even self-driving!;4.9K;14.2K;143.2K
Elon Musk;@elonmusk;2021-03-02T17:50:44.000Z;Scammers & crypto should get a room;9.1K;18.6K;195.3K
Elon Musk;@elonmusk;2021-03-01T22:23:50.000Z;Green eggs & SPAC;6K;7.2K;128.9K
Elon Musk;@elonmusk;2021-03-01T19:57:08.000Z;Doge meme shield (legendary item);9.3K;28.3K;281.4K
Elon Musk;@elonmusk;2021-03-01T19:01:34.000Z;New drug coming out called Regretamine. Pop one & all regrets are gone.;12.2K;28.8K;288.8K
Elon Musk;@elonmusk;2021-03-01T18:59:03.000Z;Always wondered where exactly your gaming character keeps all the stuff;5.2K;16.6K;194.5K
Elon Musk;@elonmusk;2021-02-26T09:50:44.000Z;Do androids dream of electric cars?;14.8K;14.2K;252K
Elon Musk;@elonmusk;2021-02-26T10:04:57.000Z;;4.7K;8.4K;158.1K
Elon Musk;@elonmusk;2021-02-25T22:08:03.000Z;;6.1K;19.8K;262.1K
Elon Musk;@elonmusk;2021-02-25T11:10:19.000Z;I admit to judging books by their cover;12.7K;34.7K;375.8K
Elon Musk;@elonmusk;2021-02-25T11:52:19.000Z;Not a meta4, I mean actual books;3.2K;4.6K;145.9K
Elon Musk;@elonmusk;2021-02-25T06:35:22.000Z;Starship to the moon;18.6K;27.4K;386.4K
Elon Musk;@elonmusk;2021-02-25T05:15:02.000Z;Out on launch pad, engine swap underway;6.4K;10.9K;180.9K
Elon Musk;@elonmusk;2021-02-25T01:25:56.000Z;You might see much higher download speeds on Starlink at times. Testing system upgrades.;7.3K;10.1K;205.7K
Elon Musk;@elonmusk;2021-02-24T13:00:05.000Z;Literally;22.1K;75.3K;569.8K
Elon Musk;@elonmusk;2021-02-24T13:10:13.000Z;On the actual moon;5.8K;12.3K;179.9K
Elon Musk;@elonmusk;2021-02-23T11:50:35.000Z;Excession;15.2K;12.2K;203.5K
Elon Musk;@elonmusk;2021-02-21T21:59:56.000Z;Hypernominalization;11.5K;11.5K;174.6K
Elon Musk;@elonmusk;2021-02-21T23:11:50.000Z;Of spaceflight;3.2K;2.9K;84.9K
Elon Musk;@elonmusk;2021-02-20T21:06:39.000Z;Or did they say pegged to the dollar? Something like that …;3.7K;4.4K;109.6K
Elon Musk;@elonmusk;2021-02-19T21:06:55.000Z;I just want to start a flame in your heart;28.4K;51.7K;442K
Elon Musk;@elonmusk;2021-02-19T20:34:57.000Z;Just for a day;14K;22.3K;280.9K
Elon Musk;@elonmusk;2021-02-17T08:55:40.000Z;.;;;
@ERCOT_ISO;;;;;;
" is not earning that R""";10.7K;9.5K;140.2K;;;
Elon Musk;@elonmusk;2021-02-14T23:25:16.000Z;If major Dogecoin holders sell most of their coins, it will get my full support. Too much concentration is the only real issue imo.;28.1K;39.9K;326K
Elon Musk;@elonmusk;2021-02-15T10:05:59.000Z;I will literally pay actual $ if they just void their accounts;8.1K;10.8K;122.3K
Elon Musk;@elonmusk;2021-02-15T09:52:37.000Z;;11.5K;82.6K;826K
Elon Musk;@elonmusk;2021-02-13T21:07:38.000Z;.;;;
@KremlinRussia_E;;;;;;
" would you like join me for a conversation on Clubhouse?""";13.9K;15.9K;190K;;;
Elon Musk;@elonmusk;2021-02-13T21:19:38.000Z;было бы большой честью поговорить с вами;5.6K;5K;90.1K
Elon Musk;@elonmusk;2021-02-13T14:12:41.000Z;Lil meme juice for the weekend;13.1K;22.6K;284K
Elon Musk;@elonmusk;2021-02-11T20:05:55.000Z;Happy New Year of the Ox!;18.1K;33.4K;427.5K
Elon Musk;@elonmusk;2021-02-11T09:08:33.000Z;Frodo was the underdoge,;;;
All thought he would fail;;;;;;
"Himself most of all.""";19.3K;33.8K;244.8K;;;
Elon Musk;@elonmusk;2021-02-08T00:09:57.000Z;The people have spoken …Elon Musk;;;
@elonmusk;;;;;;
 · Feb 6;;;;;;
The future currency of Earth;;;;;;
"Show this poll""";10.2K;35.4K;221.5K;;;
Elon Musk;@elonmusk;2021-02-07T22:25:14.000Z; Who let the Doge out ;26.6K;124.1K;776.8K
Elon Musk;@elonmusk;2021-02-07T22:12:09.000Z;Hodl the rainforests!!;9.6K;25.8K;270K
Elon Musk;@elonmusk;2021-02-07T07:41:23.000Z;So … it’s finally come to this …;21K;89.1K;681.4K
Elon Musk;@elonmusk;2021-02-06T22:12:57.000Z;Time to tell the story of Tesla & SpaceX;11.7K;25.3K;406.3K
Elon Musk;@elonmusk;2021-02-06T22:14:57.000Z;Of Earth and Mars;2.2K;5.5K;158.3K
Elon Musk;@elonmusk;2021-02-06T22:16:52.000Z;Lessons learned;2.4K;4.8K;144.3K
Elon Musk;@elonmusk;2021-02-06T09:58:04.000Z;The Second Last Kingdom;10.9K;20.8K;490.4K
Elon Musk;@elonmusk;2021-02-06T08:32:55.000Z;YOLT;;;
;;;;;;
"https://m.youtube.com/watch?v=05QJlF06F4s…""";6.1K;4.9K;81.4K;;;
Elon Musk;@elonmusk;2021-02-06T06:46:24.000Z;The great thing about restaurants is that you get to hang out with strangers! - SJM;6.2K;10.5K;173.5K
Elon Musk;@elonmusk;2021-02-06T04:51:07.000Z;The future currency of EarthDogecoin to the Moooonn;;;
71.3%;;;;;;
All other crypto combined;;;;;;
28.7%;;;;;;
2;432;725 votes;;;;
·;;;;;;
"Final results""";35.8K;68.3K;258.8K;;;
Elon Musk;@elonmusk;2021-02-06T04:02:23.000Z;Much wow!;17.5K;31K;364.9K
Elon Musk;@elonmusk;2021-02-04T10:08:21.000Z;I am become meme,;;;
"Destroyer of shorts""";27.4K;62.3K;611.7K;;;
Elon Musk;@elonmusk;2021-02-04T08:44:12.000Z;Next time, we try pull *up* method;9.5K;18.5K;232.4K
Elon Musk;@elonmusk;2021-02-04T08:43:13.000Z;Low-key Loki;6.8K;15.8K;211.5K
Elon Musk;@elonmusk;2021-02-04T08:27:10.000Z;No highs, no lows, only Doge;21.9K;122.6K;763.4K
Elon Musk;@elonmusk;2021-02-04T08:15:26.000Z;Dogecoin is the people’s crypto;19K;115.4K;547.2K
Elon Musk;@elonmusk;2021-02-04T08:17:17.000Z;No need to be a gigachad to own;2.6K;16.2K;178K
Elon Musk;@elonmusk;2021-02-04T07:57:30.000Z;ur welcome;23.3K;165.3K;987.2K
Elon Musk;@elonmusk;2021-02-04T07:29:09.000Z;;7.1K;41.6K;425.8K
Elon Musk;@elonmusk;2021-02-04T07:35:35.000Z;Doge;9.1K;52.5K;257.6K
Elon Musk;@elonmusk;2021-02-04T07:09:30.000Z;This was a tough oneSpaceX;;;
@SpaceX;;;;;;
 · Feb 4;;;;;;
"Falcon 9’s first stage has landed on the Of Course I Still Love You droneship""";3K;5.5K;94.9K;;;
Elon Musk;@elonmusk;2021-02-02T08:45:48.000Z;Off Twitter for a while;33.3K;37.3K;527.5K
Elon Musk;@elonmusk;2021-02-01T23:17:40.000Z;Giga Berlin progress;6.4K;14.9K;228.5K
Elon Musk;@elonmusk;2021-02-01T23:21:08.000Z;It will be filled with graffiti art;3.9K;3.9K;124.3K
Elon Musk;@elonmusk;2021-01-29T08:22:15.000Z;In retrospect, it was inevitable;27.5K;63.5K;594.7K
Elon Musk;@elonmusk;2021-01-28T23:29:19.000Z;With Cyberpunk, even the hotfixes literally have hotfixes, but … great game;8.6K;16.2K;336.8K
Elon Musk;@elonmusk;2021-01-28T22:47:23.000Z;;17.3K;82.6K;445.7K
Elon Musk;@elonmusk;2021-01-28T20:39:53.000Z;Here come the shorty apologists;;;
Give them no respect;;;;;;
"Get Shorty""";14.8K;69.5K;602.9K;;;
Elon Musk;@elonmusk;2021-01-28T20:34:26.000Z;u can’t sell houses u don’t own;;;
u can’t sell cars u don’t own;;;;;;
but ;;;;;;
u *can* sell stock u don’t own!?;;;;;;
this is bs – shorting is a scam;;;;;;
"legal only for vestigial reasons""";21.2K;147.7K;726.6K;;;
Elon Musk;@elonmusk;2021-01-28T02:33:13.000Z;Plaid Model S ships next month;14.4K;41K;472.8K
Elon Musk;@elonmusk;2021-01-28T02:34:17.000Z;It can play Cyberpunk;4.5K;10K;211.2K
Elon Musk;@elonmusk;2021-01-28T11:54:19.000Z;The esthetics of Cyberpunk are incredible btw. The interior design is.;2.1K;2.6K;112.3K
Elon Musk;@elonmusk;2021-01-28T02:35:55.000Z;Replying to ;;;
"@elonmuskFirst production car ever to achieve 0 to 60 mph in less than 2 seconds""";2.4K;6.5K;131.4K;;;
Elon Musk;@elonmusk;2021-01-28T02:41:43.000Z;0 to 155mph trap speed in a 1/4 mile. 200mph top speed (with right tires).;1.6K;2.4K;77.9K
Elon Musk;@elonmusk;2021-01-28T01:57:30.000Z;Even Discord has gone corpo …;14.3K;46K;564.5K
Elon Musk;@elonmusk;2021-01-26T11:25:23.000Z;I kinda love Etsy;13.2K;22.5K;319.9K
Elon Musk;@elonmusk;2021-01-26T11:32:55.000Z;Bought a hand knit wool Marvin the Martian helm for my dog;2.7K;2.9K;131.9K
Elon Musk;@elonmusk;2021-01-26T22:59:59.000Z;;1.9K;2.4K;54.1K
Elon Musk;@elonmusk;2021-01-26T21:08:02.000Z;Gamestonk!!wallstreetbets • r/wallstreetbets;;;
Like 4chan found a Bloomberg terminal;;;;;;
"reddit.com""";11.8K;44.4K;245.1K;;;
Elon Musk;@elonmusk;2021-01-26T11:28:08.000Z;;2.1K;5.8K;66.9K
Elon Musk;@elonmusk;2021-01-24T19:46:26.000Z;Under Vegas in ;;;
@boringcompany;;;;;;
" tunnel yesterday with my boys""";5.1K;10.2K;204.6K;;;
Elon Musk;@elonmusk;2021-01-22T23:17:20.000Z;Launching many small satellites for a wide range of customers tomorrow. Excited about offering low-cost access to orbit for small companies!SpaceX;;;
@SpaceX;;;;;;
 · Jan 22;;;;;;
Falcon 9 and 143 spacecraft are vertical on pad 40 ahead of tomorrow’s launch of the Transporter-1 mission; the first dedicated SmallSat Rideshare Program mission;;;;;
Elon Musk;@elonmusk;2021-01-21T23:08:35.000Z;Am donating $100M towards a prize for best carbon capture technology;56.6K;74.2K;592.6K
Elon Musk;@elonmusk;2021-01-21T23:08:47.000Z;Details next week;5.6K;3.3K;94.6K
Elon Musk;@elonmusk;2021-01-18T05:52:28.000Z;Battery cell production is the fundamental rate-limiter slowing down a sustainable energy future. Very important problem.Tesla;;;
@Tesla;;;;;;
 · Jan 17;;;;;;
"Come work on cell / battery production at Giga Texas & Giga Berlin! http://tesla.com/battery-jobs""";6.3K;11.7K;140.6K;;;
Elon Musk;@elonmusk;2021-01-09T18:47:06.000Z;My 14-year-old son, Saxon, said he feels like 2021 will be a good year. I agree. Let us all make it so.;28.6K;76K;913.8K
Elon Musk;@elonmusk;2021-01-08T02:15:39.000Z;Launch underwaySpaceX;;;
@SpaceX;;;;;;
 · Jan 8;;;;;;
"Watch Falcon 9 launch the Turksat 5A mission → http://spacex.com/launches  https://twitter.com/i/broadcasts/1zqJVXpZnZDKB…""";3.3K;6.1K;90K;;;
Elon Musk;@elonmusk;2021-01-08T01:35:53.000Z;Btw, critical feedback is always super appreciated, as well as ways to donate money that really make a difference (way harder than it seems);27.6K;13.3K;241.4K
Elon Musk;@elonmusk;2021-01-07T18:49:47.000Z;;6.9K;26.3K;312.2K
Elon Musk;@elonmusk;2021-01-07T12:56:10.000Z;Use Signal;16K;56.7K;358.7K
Elon Musk;@elonmusk;2021-01-07T10:23:50.000Z;The most entertaining outcome is the most likely;3.3K;12.3K;155.2K
Elon Musk;@elonmusk;2021-01-07T10:24:29.000Z;As seen from an external observer, not the participants;1K;2K;65K
Elon Musk;@elonmusk;2021-01-07T04:06:23.000Z;This is called the domino effect;4.4K;40.5K;364.9K
Elon Musk;@elonmusk;2021-01-04T20:26:11.000Z;Snow falling on Giga Berlin;3.6K;7.4K;147.7K
Elon Musk;@elonmusk;2021-01-04T20:57:05.000Z;Because of the large footprint, it may seem flat, but actually ranges up to 5 stories tall;1.3K;1.1K;57.6K
Elon Musk;@elonmusk;2021-01-02T14:51:49.000Z;So proud of the Tesla team for achieving this major milestone! At the start of Tesla, I thought we had (optimistically) a 10% chance of surviving at all.Tesla;;;
@Tesla;;;;;;
 · Jan 2;;;;;;
In 2020; we produced and delivered half a million cars. Huge thanks to all those who made this possible.;;;;;
"https://ir.tesla.com/press-release/tesla-q4-2020-vehicle-production-deliveries…""";4.1K;6.8K;109.3K;;;
Elon Musk;@elonmusk;2020-12-31T05:40:26.000Z;Great interview with Mathias DöpfnerElon Musk reveals Tesla's plan to be at the forefront of a self-driving-car revolution — and why he...;;;
Tesla CEO Elon Musk sat down with Axel Springer CEO Mathias Döpfner for an interview during his visit to Germany.;;;;;;
"businessinsider.com""";1.6K;3.5K;50.9K;;;
Elon Musk;@elonmusk;2020-12-31T05:47:38.000Z;Ignore the heading;1.1K;740;37K
Elon Musk;@elonmusk;2020-12-30T09:51:07.000Z;Snake-head dog had my undivided attention until winder-head ostrich came gliding through all nonchalant;2.6K;4.7K;98.7K
Elon Musk;@elonmusk;2020-12-25T20:54:29.000Z;Change your horn sound to , ,  or holiday jingles with latest Tesla software update!;5.2K;8.7K;183.1K
Elon Musk;@elonmusk;2020-12-25T16:47:04.000Z;Merry Christmas & happy holidays! ;7.2K;15.1K;231.3K
Elon Musk;@elonmusk;2020-12-24T01:12:41.000Z;12 story rocket turns off its engines & does a controlled fallSpaceX;;;
@SpaceX;;;;;;
 · Dec 24;2020;;;;;
"Recap of Starship SN8 high-altitude flight test → https://youtu.be/_qwLHlVjRyw""";3.3K;9.3K;100.5K;;;
Elon Musk;@elonmusk;2020-12-24T00:00:41.000Z;To Tesla owners taking delivery in the final days of year, your support is super appreciated!!;3.4K;3.8K;146.5K
Elon Musk;@elonmusk;2020-12-21T13:04:16.000Z;Thanks to everyone who worked so hard to make Tesla successful. My heart goes out to you.;8.1K;12.7K;337.8K
Elon Musk;@elonmusk;2020-12-20T10:16:43.000Z; i love all u crazy ppl out there ;12.8K;18K;323.9K
Elon Musk;@elonmusk;2020-12-20T09:44:03.000Z;Come for the comments, ;;;
"stay for the memes""";5.6K;5.3K;122.8K;;;
Elon Musk;@elonmusk;2020-12-20T09:30:04.000Z;One word: Doge;10.8K;32.4K;219.1K
Elon Musk;@elonmusk;2020-12-20T09:24:37.000Z;Bitcoin is almost as bs as fiat money;8K;13.4K;137.7K
Elon Musk;@elonmusk;2020-12-20T08:54:26.000Z;;7.9K;50.6K;390.1K
Elon Musk;@elonmusk;2020-12-20T08:43:06.000Z;“Lord” Edge;1K;1K;35.9K
Elon Musk;@elonmusk;2020-12-20T08:21:25.000Z;Bitcoin is my safe word;6.5K;22.6K;235.1K
Elon Musk;@elonmusk;2020-12-20T08:40:34.000Z;Just kidding, who needs a safe word anyway!?;2.3K;2.6K;67.9K
Elon Musk;@elonmusk;2020-12-17T06:32:13.000Z;Star Light, Star Bright;6.2K;31.2K;220.2K
Elon Musk;@elonmusk;2020-12-14T16:15:57.000Z;Ascent to the Heavens;4.2K;19.2K;297.9K
Elon Musk;@elonmusk;2020-12-14T15:12:18.000Z;Hehe;8.1K;31.7K;348.7K
Elon Musk;@elonmusk;2020-12-14T06:51:16.000Z;;1.8K;4.6K;77.2K
Elon Musk;@elonmusk;2020-12-14T06:11:07.000Z;;10.4K;36.4K;260.5K
Elon Musk;@elonmusk;2020-12-07T20:13:07.000Z;Out on the pad in South Texas;3.5K;9.5K;139.9K
Elon Musk;@elonmusk;2020-12-07T04:37:42.000Z;100;7.9K;6.8K;143.8K
Elon Musk;@elonmusk;2020-12-06T21:30:33.000Z;Im Gespräch mit Mathias DöpfnerElon Musk im Gespräch mit Mathias Döpfner: „Es geht darum, das Leben zu spüren“ - WELT;;;
Tesla-Chef Elon Musk ist der wohl größte Visionär auf diesem Planeten. Mit SpaceX möchte er den Mars erreichen; mit Neuralink menschliche Intelligenz aufrüsten. Mit Mathias Döpfner spricht er über...;;;;;
"welt.de""";831;630;13.7K;;;
Elon Musk;@elonmusk;2020-12-03T23:30:34.000Z;Watch Demolition Man;6.3K;5.9K;95.4K
Elon Musk;@elonmusk;2020-12-03T23:19:57.000Z;Prometheus Unbound;2K;2.1K;57.6K
Elon Musk;@elonmusk;2020-11-21T16:30:40.000Z;Well, almost anythingSpaceX;;;
@SpaceX;;;;;;
 · Nov 21;2020;;;;;
"Starlink engineers will answer questions about the service today https://reddit.com/r/Starlink/comments/jybmgn/we_are_the_starlink_team_ask_us_anything/…""";880;659;21.3K;;;
Elon Musk;@elonmusk;2020-11-21T14:44:07.000Z;Quite the day aheadSpaceX;;;
@SpaceX;;;;;;
 · Nov 21;2020;;;;;
"Falcon 9 is vertical on SpaceX’s West Coast pad ahead of tomorrow’s launch of the Sentinel-6 Michael Freilich mission. Weather forecast is 80% favorable for liftoff → http://spacex.com/launches""";825;1.5K;32.2K;;;
Elon Musk;@elonmusk;2020-11-18T07:41:37.000Z;Tesla holiday software release is ;3.3K;3.4K;107.6K
Elon Musk;@elonmusk;2020-11-18T07:09:54.000Z;Cobra Kai is a deep cut;1.8K;3.6K;81.5K
Elon Musk;@elonmusk;2020-11-17T22:07:17.000Z;Deus ex machine learning;2.8K;16.4K;185K
Elon Musk;@elonmusk;2020-11-17T19:20:28.000Z;Nullius in Verba ;;;
"@royalsociety""";899;959;21.1K;;;
Elon Musk;@elonmusk;2020-11-16T01:09:01.000Z;;6.6K;11.9K;248.4K
Elon Musk;@elonmusk;2020-11-16T00:23:02.000Z;Launch in 5 minutes;3.7K;5.4K;177.3K
Elon Musk;@elonmusk;2020-11-15T23:55:43.000Z;Thrusters are integrated with spacecraft, enabling abort capability all the way to abort for increased safetySpaceX;;;
@SpaceX;;;;;;
 · Nov 16;2020;;;;;
If there is an emergency at any point on the pad or during ascent;" Crew Dragon is able to carry astronauts to safety""";673;2.5K;43.1K;;
Elon Musk;@elonmusk;2020-11-15T23:58:27.000Z;Dragon can also hover & land propulsively, but we use the parachutes for maximum safetyDragon 2 Propulsive Hover Test;;;
On November 24; SpaceX’s Dragon 2; powered by eight SuperDraco engines; executed a picture-perfect propulsive hover test at the company’s rocket development ...;;;
"youtube.com""";237;458;12.2K;;;
Elon Musk;@elonmusk;2020-11-16T00:00:41.000Z;The same propellant is used either for abort or for orbital maneuvering, as one use obviates the other;233;274;11.1K
Elon Musk;@elonmusk;2020-11-15T14:13:45.000Z;Astronaut launch today!NASA HQ PHOTO;;;
@nasahqphoto;;;;;;
 · Nov 15;2020;;;;;
.@SpaceX's Falcon 9 rocket and Crew Dragon spacecraft are seen at sunrise on launch day. @Astro_illini; @AstroVicGlover; Shannon Walker;" & @Astro_Soichi are scheduled to launch to @Space_Station on the Crew-1 mission from @NASAKennedy at 7:27 pm ET. Morehttps://flic.kr/s/aHsmS2Xsk6""";1K;3.4K;52K
Elon Musk;@elonmusk;2020-11-15T02:52:28.000Z;Worth reading this thread if you’re curious about rona testingElon Musk;;;
@elonmusk;;;;;;
 · Nov 15;2020;;;;;
Replying to @michaelmina_lab;;;;;;
In your opinion; at what Ct number for the cov2 N1 gene should a PCR test probably be regarded as positive? If I’m asking the wrong question;" what is a better question?""";1.3K;2.4K;24.8K;
Elon Musk;@elonmusk;2020-11-14T20:11:13.000Z;Laws of thermodynamics:;;;
1. You can’t win;;;;;;
2. You can’t break even;;;;;;
"3. You can’t stop playing""";2.6K;10.1K;120.6K;;;
Elon Musk;@elonmusk;2020-11-14T20:13:06.000Z;Unless you’re on DMT;1.4K;3.3K;58K
Elon Musk;@elonmusk;2020-11-14T19:51:56.000Z;Shakes fist at entropy;2.3K;4.2K;80.3K
Elon Musk;@elonmusk;2020-11-13T23:22:43.000Z;Case closed;6.6K;34.7K;288K
Elon Musk;@elonmusk;2020-11-13T05:47:11.000Z;Something extremely bogus is going on. Was tested for covid four times today. Two tests came back negative, two came back positive. Same machine, same test, same nurse. Rapid antigen test from BD.;36.1K;135.6K;414K
Elon Musk;@elonmusk;2020-11-12T15:34:36.000Z;4 Astronauts fly to ;;;
@Space_Station;;;;;;
" on Sat night from Cape. First operational flight of Crew Dragon.""";1.4K;9K;96.7K;;;
Elon Musk;@elonmusk;2020-11-10T21:24:38.000Z;Such a privilege to work with people I like & respect so much. I feel blessed.;3.4K;8K;198.6K
Elon Musk;@elonmusk;2020-11-09T18:03:19.000Z;;5.8K;15.3K;209.4K
Elon Musk;@elonmusk;2020-11-09T16:57:33.000Z;Yes, you can have my damn cookie! should be a browser setting;4.1K;12.4K;207.7K
Elon Musk;@elonmusk;2020-11-07T18:26:27.000Z;The Phantom of the Opera ;;;
"Is here … inside your mind""";3.4K;6.5K;112.8K;;;
Elon Musk;@elonmusk;2020-10-29T04:45:51.000Z;Truth be told, I’ve eaten at JitB many times over the years, even the teriyaki bowl;1.3K;810;35.7K
Elon Musk;@elonmusk;2020-10-29T00:11:03.000Z;Tesla should make  catgirl robots?Absolutely;;;
81.9%;;;;;;
Of Course;;;;;;
18.1%;;;;;;
928;281 votes;;;;;
·;;;;;;
"Final results""";9.6K;23.9K;115.8K;;;
Elon Musk;@elonmusk;2020-10-28T02:18:17.000Z;Jack in the Box should do double duty as a sperm donor clinic — name is ;5.1K;18.7K;172.2K
Elon Musk;@elonmusk;2020-10-28T03:08:02.000Z;Come here … no, come, here ;1.5K;1.5K;55.9K
Elon Musk;@elonmusk;2020-10-28T03:02:07.000Z;Replying to ;;;
@elonmuskWow;" this mayo sure is salty!""";1.7K;3.5K;67.8K;;
Elon Musk;@elonmusk;2020-10-24T22:46:56.000Z;Congratulations SpaceX Team!SpaceX;;;
@SpaceX;;;;;;
 · Oct 25;2020;;;;;
"100 successful flights""";2.6K;12.4K;179.1K;;;
Elon Musk;@elonmusk;2020-10-22T06:30:28.000Z;Now that Tesla FSD beta is out in limited release, FSD price (new or upgrade) will go up by ~$2k on Monday;3.1K;3.1K;57K
Elon Musk;@elonmusk;2020-10-22T22:00:02.000Z;Price change is pushed to Thursday next week. Applies only to US for now. One week clock will start in other countries as beta is released. FSD monthly rental will also be available sometime next year.;942;842;15.2K
Elon Musk;@elonmusk;2020-10-21T20:13:20.000Z;Starship nosecone, high bay & tiki bar;2.3K;5.2K;102K
Elon Musk;@elonmusk;2020-10-20T22:19:31.000Z;FSD beta rollout happening tonight. Will be extremely slow & cautious, as it should.;2.3K;4.1K;59K
Elon Musk;@elonmusk;2020-10-20T22:17:05.000Z;Data from 3 engine Starship static fire this morning looks good. Proceeding with nosecone mate.;1.2K;2.4K;43.5K
Elon Musk;@elonmusk;2020-10-14T19:01:19.000Z;The gauntlet has been thrown down! ;;;
;;;;;;
The prophecy will be fulfilled. ;;;;;;
;;;;;;
Model S price changes to $69;"420 tonight!""";11.6K;40.2K;322.9K;;
Elon Musk;@elonmusk;2020-10-16T17:30:45.000Z;møtør trèndéElon Musk;;;
@elonmusk;;;;;;
 · Jul 11;2019;;;;;
Motor Trend awards Tesla Model S best Car of the Year ever in their 70 year history!!;;;;;;
" https://motortrend.com/news/2013-tesla-model-s-beats-chevy-toyota-cadillac-ultimate-car-of-the-year/…""";603;655;17.4K;;;
Elon Musk;@elonmusk;2020-10-14T09:24:55.000Z;Will be less roomy with 3 vacuum rocket engines added;1.6K;5.1K;71.1K
Elon Musk;@elonmusk;2020-10-14T09:28:14.000Z;9 meter or roughly 30 ft diameter;450;514;22K
Elon Musk;@elonmusk;2020-10-14T04:27:00.000Z;“What is love? Baby don’t hurt me.”— Winston Churchill;4.9K;23.7K;228.3K
Elon Musk;@elonmusk;2020-10-13T05:36:46.000Z; The Illuminaughty ;6.4K;26.5K;260K
Elon Musk;@elonmusk;2020-10-05T22:21:07.000Z;Hollywood should just start with the sequel & skip the original, because financials;1.2K;2.5K;56K
Elon Musk;@elonmusk;2020-10-04T14:23:38.000Z;New SpaceX droneship will be called “A Shortfall of Gravitas”;1.5K;3.7K;67.9K
Elon Musk;@elonmusk;2020-10-04T14:05:42.000Z;Nothing can escape gravity, not even black holes (and they really tried!);4.7K;11.4K;181.6K
Elon Musk;@elonmusk;2020-10-04T00:12:06.000Z;Call of Booty, great game;7.7K;63.4K;504.9K
Elon Musk;@elonmusk;2020-10-04T00:04:41.000Z;;2.3K;11.7K;164.2K
Elon Musk;@elonmusk;2020-09-26T23:39:31.000Z;;6.2K;116.5K;663.2K
Elon Musk;@elonmusk;2020-09-26T19:44:56.000Z;Thanks Tesla Team for great work on deliveries! For new owners, we super appreciate accommodating us on delivery timing! Definitely one of our toughest quarters in global logistics.;1.5K;2.4K;53.6K
Elon Musk;@elonmusk;2020-09-26T17:36:31.000Z;Starship SN8 with rear body flaps;1.7K;6.6K;77.5K
Elon Musk;@elonmusk;2020-09-26T17:38:09.000Z;Nosecone & front flaps next week. SN9 next month.;285;693;18.3K
Elon Musk;@elonmusk;2020-09-26T17:41:21.000Z;First flight is to 15km or ~50,000 ft;372;782;17.9K
Elon Musk;@elonmusk;2020-09-17T07:15:03.000Z;Speedrunning Factorio in real life …;1.9K;6.6K;109.1K
Elon Musk;@elonmusk;2020-09-16T20:18:25.000Z;Fallout Shelter is on your Tesla. Tap the Entertainment button.;1.9K;4.7K;95K
Elon Musk;@elonmusk;2020-09-15T20:29:38.000Z;Tunnels under cities with self-driving electric cars will feel like warp drive;;;
;;;;;;
First operational tunnel under Vegas almost done;;;;;;
;;;;;;
The ;;;;;;
"@BoringCompany""";2.6K;7.3K;78.1K;;;
Elon Musk;@elonmusk;2020-09-16T19:19:13.000Z;Doubles as an underground nuclear shelter ;899;2.6K;37.1K
Elon Musk;@elonmusk;2020-09-16T19:39:43.000Z;" Fallout Radio  ""Fallout 3 "" Galaxy News Radio All Songs";;;
1. Allan Gray - Swing Doors 0:002. Billie Holiday - Crazy He Calls Me 3:003. Billie Holiday- Easy Living 6:034. Billy Munn - Jazzy Interlude 9:055. Bob Crosb...;;;;;;
"youtube.com""";367;706;10.7K;;;
Elon Musk;@elonmusk;2020-09-15T21:12:54.000Z;;1.7K;17.5K;218.1K
Elon Musk;@elonmusk;2020-09-15T21:13:39.000Z;Story of my life;1.3K;1.6K;66.7K
Elon Musk;@elonmusk;2020-09-15T20:14:00.000Z;Have you hugged a tunnel today?;4.6K;4.1K;80.6K
Elon Musk;@elonmusk;2020-09-15T16:09:45.000Z;Embrace tunnels!;4.7K;6.3K;110.9K
Elon Musk;@elonmusk;2020-09-12T17:37:36.000Z;SN8 Starship with flaps & nosecone should be done in about a week. Then static fire, checkouts, static fire, fly to 60,000 ft & back.;1.6K;4.9K;52.8K
Elon Musk;@elonmusk;2020-09-12T17:40:23.000Z;One way or another, excitement guaranteed! Support of greater Boca, Padre, Brownsville community is very much appreciated.;449;929;22.3K
Elon Musk;@elonmusk;2020-09-11T15:45:06.000Z;Many exciting things will be unveiled on Battery Day 9/22 ;5.2K;15.1K;159K
Elon Musk;@elonmusk;2020-09-10T21:49:27.000Z;Bitte arbeiten Sie bei Tesla Giga Berlin! Es wird super Spaß machen!!Tesmanian.com;;;
@Tesmanian_com;;;;;;
 · Sep 10;2020;;;;;
Tesla Giga Berlin Has Capacity for 40K Employees in 3 Shifts; Says Minster Steinbach;;;;;
;;;;;;
"https://tesmanian.com/blogs/tesmanian-blog/meeting-in-grunneid-on-the-future-of-transportation-in-the-region…""";2.3K;2.8K;36K;;;
Elon Musk;@elonmusk;2020-09-09T21:09:06.000Z;Tesla Model S & X have hospital-grade (HEPA) air filters. 3 & Y are really good too. This has a big effect on health.Putting the Tesla HEPA Filter and Bioweapon Defense Mode to the Test;;;
*/ Air pollution has a significant and pervasive impact on public health. According to the World Health Organization;" it is now considered """"the world's largest single environmental health risk"; with...;;;;
"tesla.com""";1.3K;2.8K;25.4K;;;
Elon Musk;@elonmusk;2020-09-08T16:53:54.000Z;A la guerre comme à la guerre;5.6K;24.6K;143.8K
Elon Musk;@elonmusk;2020-09-07T22:46:50.000Z;If you bombard Earth with enough photons, eventually it emits a Tesla (AK);2.7K;5.8K;105.8K
Elon Musk;@elonmusk;2020-09-04T05:41:19.000Z;Model 3 rated as most reliable carTESLARATI;;;
@Teslarati;;;;;;
 · Sep 3;2020;;;;;
Tesla Model 3 hailed as the most reliable executive car in the UK;;;;;;
"https://teslarati.com/tesla-model-3-most-reliable-ev-executive-car-uk-award…""";1.3K;2.5K;41.2K;;;
Elon Musk;@elonmusk;2020-09-04T05:02:34.000Z;Turns out you can make anything fly hahaSpaceX;;;
@SpaceX;;;;;;
 · Sep 4;2020;;;;;
"Second 150m flight test of Starship""";4.2K;14.6K;167.4K;;;
Elon Musk;@elonmusk;2020-09-03T22:25:56.000Z;Giga Berlin Mannschaft;;;
"Vielen Dank für Ihre hervorragende Arbeit an Giga Berlin!!""";1.6K;3.8K;61.9K;;;
Elon Musk;@elonmusk;2020-09-03T22:04:40.000Z;Great trip to Germany. Support from government & people is super appreciated!;1.8K;3.7K;104.1K
Elon Musk;@elonmusk;2020-08-31T18:37:39.000Z;;2.7K;15.3K;212.6K
Elon Musk;@elonmusk;2020-08-30T16:00:31.000Z;Just learned that my physics prof from Penn is head of Fermilab & still has some of my old homework ;2.2K;4.9K;143.4K
Elon Musk;@elonmusk;2020-08-29T01:02:05.000Z;Conceptual telepathy;5.4K;11K;134.8K
Elon Musk;@elonmusk;2020-08-28T22:32:20.000Z;Ahem … starting soonElon Musk;;;
@elonmusk;;;;;;
 · Aug 28;2020;;;;;
"Neuralink product demo in 3 hours. Webcast at http://neuralink.com.""";2.8K;4.5K;51.8K;;;
Elon Musk;@elonmusk;2020-08-28T19:37:40.000Z;“All of physics is either impossible or trivial. It is impossible until you understand it, and then it becomes trivial.” E Rutherford;1.6K;13.9K;113.7K
Elon Musk;@elonmusk;2020-08-28T19:05:17.000Z;Neuralink product demo in 3 hours. Webcast at http://neuralink.com.Neuralink;;;
Developing ultra high bandwidth brain-machine interfaces to connect humans and computers.;;;;;;
"neuralink.com""";2.3K;9.2K;38.8K;;;
Elon Musk;@elonmusk;2020-08-27T05:42:01.000Z;The Big Bang started very, very smōl https://en.m.wikipedia.org/wiki/Big_Bang;1.9K;5.2K;80.5K
Elon Musk;@elonmusk;2020-08-27T04:37:06.000Z;Should we believe things proportionate to the evidence that they are true? (yes);4.2K;8.9K;116.9K
Elon Musk;@elonmusk;2020-08-27T03:39:50.000Z;Olde skoole analog synthesizer from ancient Britain;1.1K;1.3K;29.6K
Elon Musk;@elonmusk;2020-08-26T05:39:46.000Z;Lengthy background on Neuralink by ;;;
@waitbutwhyNeuralink and the Brain's Magical Future — Wait But Why;;;;;;
I knew the future would be shocking but this is a whole other level.;;;;;;
"waitbutwhy.com""";945;3.1K;19.4K;;;
Elon Musk;@elonmusk;2020-08-26T05:35:58.000Z;Live webcast of working ;;;
@Neuralink;;;;;;
 device;;;;;;
Friday 3pm Pacific𝑴𝒂𝒓𝒈𝒂𝒓𝒆𝒕 𝑺𝒊𝒆𝒈𝒊𝒆𝒏;;;;;;
@MargaretSiegien;;;;;;
 · Aug 25;2020;;;;;
#Neuralink; founded by @ElonMusk; is reportedly about to demonstrate a brain machine interface. How do you feel about mixing #AI with our brains?;;;;
#ArtificialIntelligence;;;;;;
"V/@DigitalTrends cc:@CurieuxExplorer @PawlowskiMario @Nicochan33 @MargaretSiegien""";2.1K;10.1K;44.4K;;;
Elon Musk;@elonmusk;2020-08-21T15:27:45.000Z;A metaphor for life;2.8K;28.5K;194K
Elon Musk;@elonmusk;2020-08-19T19:55:21.000Z;Medical check is A-ok!;684;1.5K;29.8K
Elon Musk;@elonmusk;2020-08-18T22:17:46.000Z;Aloha, welcome back from space ;6K;42.4K;352.5K
Elon Musk;@elonmusk;2020-08-19T06:01:47.000Z;Elevator music is underrated;1.6K;5K;84.1K
Elon Musk;@elonmusk;2020-08-18T21:36:31.000Z;Ms Tree catches fairing in her net;852;3.6K;62.8K
Elon Musk;@elonmusk;2020-08-18T21:38:33.000Z;Fairing chute control & ship control are closing the loop locally. Both operating on (SpaceX) autopilot.;320;665;18.3K
Elon Musk;@elonmusk;2020-08-17T23:00:50.000Z;Raptor engine just reached 330 bar chamber pressure without exploding!;2.3K;5.8K;82.9K
Elon Musk;@elonmusk;2020-08-17T04:05:05.000Z;Cybertruck option packageArchillect;;;
@archillect;;;;;;
 · Aug 16;" 2020""";5.7K;14.2K;196.9K;;
Elon Musk;@elonmusk;2020-08-17T02:01:58.000Z;“Tanks 4 the memery” - panzer of the lake;914;1.5K;36.8K
Elon Musk;@elonmusk;2020-08-17T01:56:52.000Z;Some big milestones coming upMatt Cutshall;;;
@Booster_Buddies;;;;;;
 · Aug 17;2020;;;;;
So; with the #SpaceX Starlink launch on Tuesday; this will be another first for the company.;;;;
First time reusing a booster for the 6th time!;;;;;;
And this flight marks the 100th launch for SpaceX and the 92nd for the Falcon 9!;;;;;;
"Show this thread""";663;2.4K;37.7K;;;
Elon Musk;@elonmusk;2020-08-16T09:01:17.000Z;Please trash me on Wikipedia, I’m begging you;5.7K;12.1K;206.7K
Elon Musk;@elonmusk;2020-08-16T08:57:26.000Z;History is written by the victors … except on Wikipedia haha;1.9K;12.7K;129.5K
Elon Musk;@elonmusk;2020-08-16T08:42:01.000Z;We must pass The Great Filter;16.4K;20.4K;221.5K
Elon Musk;@elonmusk;2020-08-16T07:38:57.000Z;Sounds right;1.5K;12.8K;138K
Elon Musk;@elonmusk;2020-08-15T22:11:49.000Z;http://Tesla.com/solarRoss Gerber;;;
@GerberKawasaki;;;;;;
 · Aug 15;2020;;;;;
"Two Million Californians Go Dark and the Heat Is Just Beginning - it’s super hot and time to get tesla solar and a battery pack. Can’t rely on PGandE for power... $tsla ⁦@elonmusk⁩  https://bloomberg.com/news/articles/2020-08-15/california-calls-for-rolling-blackouts-for-first-time-since-2001…""";718;1.1K;13.8K;;;
Elon Musk;@elonmusk;2020-08-15T19:17:50.000Z;Replying to ;;;
@elonmuskOur main engineering locations are Palo Alto; Austin & Seattle;" but working remotely is acceptable for exceptional candidates""";809;799;16.7K;
Elon Musk;@elonmusk;2020-08-14T22:40:49.000Z;Great mission patch design!Victor Glover;;;
@AstroVicGlover;;;;;;
 · Aug 12;2020;;;;;
All for 1;" Crew-1 for all...  twitter.com/Commercial_Cre…""";715;1.4K;25.8K;;
Elon Musk;@elonmusk;2020-08-11T18:15:25.000Z;SN 5 & 6 at Starship Production Complex in Texas;1.6K;5.4K;67.7K
Elon Musk;@elonmusk;2020-08-11T18:17:07.000Z;SN7 will be new alloy test tank taken to burst pressure. SN8 will have body flaps & nosecone.;811;1.2K;22.9K
Elon Musk;@elonmusk;2020-08-07T17:12:08.000Z;Good piece on Giga Berlin constructionTorque News;;;
@torquenewsauto;;;;;;
 · Aug 6;2020;;;;;
Watch the first prefabricated wall of Tesla Giga Berlin and August progress. https://youtu.be/mg6Tm5mGq3M;;;;;;
-;;;;;;
"#Tesla #GigaBerlin""";1.4K;1.3K;22K;;;
Elon Musk;@elonmusk;2020-08-06T22:39:35.000Z;SN5;4.3K;12.7K;161.4K
Elon Musk;@elonmusk;2020-08-02T18:51:04.000Z;Dragon is stable in the water;6.4K;17.5K;299.5K
Elon Musk;@elonmusk;2020-08-02T18:31:53.000Z;4 mins to Dragon loss of signal due to atmospheric entry plasma;1.1K;2.5K;56.8K
Elon Musk;@elonmusk;2020-08-02T18:37:24.000Z;Acquisition of signal expected in 5 mins;374;612;18.3K
Elon Musk;@elonmusk;2020-08-02T18:11:01.000Z;Dragon will travel from south of New Zealand to Florida in ~37 minutes;3K;10.3K;143.5K
Elon Musk;@elonmusk;2020-08-02T17:19:04.000Z;Coming in hotSpaceX;;;
@SpaceX;;;;;;
 · Aug 2;2020;;;;;
Go for Crew Dragon’s deorbit burn in less than 1 hour. Upon reentry through the Earth’s atmosphere; Crew Dragon’s surface will reach temperatures above 3;"000F. The spacecraft’s heat shield helps ensure the interior never goes over ~85F""";929;2.4K;31.7K;
Elon Musk;@elonmusk;2020-08-02T16:55:30.000Z;Astronauts land in 2 hours ;;;
@NASA;;;;;;
" @SpaceX""";1.6K;8.2K;115.2K;;;
Elon Musk;@elonmusk;2020-07-30T19:52:29.000Z;Total Eclipse of the Heart Bonnie Tyler - Total Eclipse of the Heart (Video);;;
Bonnie Tyler - Total Eclipse of the Heart (Official Video)Listen on Spotify - http://smarturl.it/BonnieTylerGH_SpotifListen on Apple Music - http://smarturl....;;;;;;
"youtube.com""";1.2K;933;12.4K;;;
Elon Musk;@elonmusk;2020-07-30T06:55:03.000Z;The rumor that Bill Gates & I are lovers is completely untrue;13.2K;52.6K;501.6K
Elon Musk;@elonmusk;2020-07-30T08:54:55.000Z;But sometimes when we touch …Sometimes When We Touch - Dan Hill - Official Video 1994;;;
"www.DanHill.com """"Sometimes When We Touch"""" is available for download at iTunes. https://itunes.apple.com/ca/album/intimate/id358583848Dan Hill's book """"My Fat...";;;;;;
"youtube.com""";1.2K;1.8K;45.3K;;;
Elon Musk;@elonmusk;2020-07-30T08:19:44.000Z;Losing ItLosing It;;;
FISHER · Single · 2018 · 1 songs.;;;;;;
"open.spotify.com""";1.7K;5.9K;37.5K;;;
Elon Musk;@elonmusk;2020-07-30T07:53:58.000Z;Sure could use a good rave;;;
"What’s your favorite techno""";15K;14.4K;128.3K;;;
Elon Musk;@elonmusk;2020-07-30T07:12:22.000Z;I … I just died in your arms tonight;6.7K;14.9K;180.9K
Elon Musk;@elonmusk;2020-07-27T18:57:05.000Z;Das Kapital in a nutshell;15.4K;50.7K;237.5K
Elon Musk;@elonmusk;2020-07-27T18:32:18.000Z;The left is losing the middle;37.4K;69.2K;458.4K
Elon Musk;@elonmusk;2020-07-27T17:05:14.000Z;Hold my beer;3.9K;9.8K;171.4K
Elon Musk;@elonmusk;2011-12-24T01:29:19.000Z;Kanye stopped by the SpaceX rocket factory today.;1.3K;8.8K;114.5K
Elon Musk;@elonmusk;2020-07-27T03:40:56.000Z;Almost a decade ago. Original Dragon in background.;911;1.5K;77.9K
Elon Musk;@elonmusk;2020-07-27T02:41:32.000Z;Great songLithium;;;
Nirvana · Song · 1991;;;;;;
"open.spotify.com""";3.8K;12.4K;117.5K;;;
Elon Musk;@elonmusk;2020-07-27T03:16:48.000Z;;1.2K;1.9K;31.7K
Elon Musk;@elonmusk;2020-07-25T21:40:42.000Z;Cool Model 3 review by ;;;
@iamjamiefoxxJamie Foxx's Tesla Test Drive!!!;;;;;;
Jamie Foxx test drives a Tesla Model 3 Performance for his first time. From 0-60 in 2.9 seconds to driving in autopilot. See what happens!Like & Subscribe!...;;;;;;
"youtube.com""";1K;1.1K;16.4K;;;
Elon Musk;@elonmusk;2020-07-25T03:42:29.000Z;Pronouns suck;21.5K;35.3K;264K
Elon Musk;@elonmusk;2020-07-24T16:21:01.000Z; Twitter sucks;25.1K;74.2K;592.4K
Elon Musk;@elonmusk;2020-07-24T22:31:07.000Z;I bet no one on  Twitter even *has* a guillotine! Poseurs …;3.9K;5.2K;71.9K
Elon Musk;@elonmusk;2020-07-24T14:44:46.000Z;Another government stimulus package is not in the best interests of the people imo;30.5K;33.4K;124.9K
Elon Musk;@elonmusk;2020-07-24T15:01:39.000Z;These are jammed to gills with special interests earmarks. If we do a stimulus at all, it should just be direct payments to consumers.;2.4K;5.3K;50.9K
Elon Musk;@elonmusk;2020-07-24T14:50:53.000Z;Replying to ;;;
@elonmuskAs a reminder;" I’m in *favor* of universal basic income""";4.1K;6.9K;59.8K;;
Elon Musk;@elonmusk;2020-07-24T14:53:54.000Z;Goal of government should be to maximize the happiness of the people. Giving each person money allows them to decide what meets their needs, rather than the blunt tool of legislation, which creates self-serving special interests.;4.3K;8.1K;57.2K
Elon Musk;@elonmusk;2020-07-24T14:39:07.000Z;Tesla solar panels are $1.49/WattElectric Cars, Solar & Clean Energy | Tesla;;;
Tesla is accelerating the world's transition to sustainable energy with electric cars; solar and integrated renewable energy solutions for homes and businesses.;;;;;
"tesla.com""";2.7K;4.2K;51.8K;;;
